0.000000,0.400000,0.400000 
0.010000,0.411486,0.419694 
0.020000,0.423579,0.440424 
0.030000,0.436330,0.462252 
0.040000,0.449791,0.485243 
0.050000,0.464022,0.509470 
0.060000,0.479088,0.535007 
0.070000,0.495061,0.561939 
0.080000,0.512023,0.590355 
0.090000,0.530060,0.620352 
0.100000,0.549273,0.652036 
0.110000,0.569769,0.685523 
0.120000,0.591673,0.720939 
0.130000,0.615120,0.758424 
0.140000,0.640265,0.798132 
0.150000,0.667278,0.840231 
0.160000,0.696355,0.884911 
0.170000,0.727714,0.932382 
0.180000,0.761603,0.982878 
0.190000,0.798304,1.036665 
0.200000,0.838138,1.094042 
0.210000,0.881473,1.155349 
0.220000,0.928730,1.220973 
0.230000,0.980395,1.291360 
0.240000,1.037032,1.367024 
0.250000,1.099294,1.448562 
0.260000,1.167948,1.536672 
0.270000,1.243894,1.632177 
0.280000,1.328195,1.736052 
0.290000,1.422122,1.849462 
0.300000,1.527195,1.973813 
0.310000,1.645255,2.110814 
0.320000,1.778552,2.262566 
0.330000,1.929859,2.431677 
0.340000,2.102639,2.621426 
0.350000,2.301274,2.835992 
0.360000,2.531388,3.080778 
0.370000,2.800331,3.362893 
0.380000,3.117895,3.691873 
0.390000,3.497438,4.080804 
0.400000,3.957685,4.548129 
0.410000,4.525748,5.120672 
0.420000,5.242463,5.838991 
0.430000,6.172401,6.767397 
0.440000,7.424144,8.014253 
0.450000,9.195656,9.777380 
0.460000,11.890295,12.460107 
0.470000,16.476605,17.031145 
0.480000,26.009706,26.546106 
0.490000,57.731557,58.248057 
0.500000,-1.#IND00,-1.#IND00 
0.510000,-1.#IND00,-1.#IND00 
0.520000,-1.#IND00,-1.#IND00 
0.530000,-1.#IND00,-1.#IND00 
0.540000,-1.#IND00,-1.#IND00 
0.550000,-1.#IND00,-1.#IND00 
0.560000,-1.#IND00,-1.#IND00 
0.570000,-1.#IND00,-1.#IND00 
0.580000,-1.#IND00,-1.#IND00 
0.590000,-1.#IND00,-1.#IND00 
0.600000,-1.#IND00,-1.#IND00 
0.610000,-1.#IND00,-1.#IND00 
0.620000,-1.#IND00,-1.#IND00 
0.630000,-1.#IND00,-1.#IND00 
0.640000,-1.#IND00,-1.#IND00 
0.650000,-1.#IND00,-1.#IND00 
0.660000,-1.#IND00,-1.#IND00 
0.670000,-1.#IND00,-1.#IND00 
0.680000,-1.#IND00,-1.#IND00 
0.690000,-1.#IND00,-1.#IND00 
0.700000,-1.#IND00,-1.#IND00 
0.710000,-1.#IND00,-1.#IND00 
0.720000,-1.#IND00,-1.#IND00 
0.730000,-1.#IND00,-1.#IND00 
0.740000,-1.#IND00,-1.#IND00 
0.750000,-1.#IND00,-1.#IND00 
0.760000,-1.#IND00,-1.#IND00 
0.770000,-1.#IND00,-1.#IND00 
0.780000,-1.#IND00,-1.#IND00 
0.790000,-1.#IND00,-1.#IND00 
0.800000,-1.#IND00,-1.#IND00 
0.810000,-1.#IND00,-1.#IND00 
0.820000,-1.#IND00,-1.#IND00 
0.830000,-1.#IND00,-1.#IND00 
0.840000,-1.#IND00,-1.#IND00 
0.850000,-1.#IND00,-1.#IND00 
0.860000,-1.#IND00,-1.#IND00 
0.870000,-1.#IND00,-1.#IND00 
0.880000,-1.#IND00,-1.#IND00 
0.890000,-1.#IND00,-1.#IND00 
0.900000,-1.#IND00,-1.#IND00 
0.910000,-1.#IND00,-1.#IND00 
0.920000,-1.#IND00,-1.#IND00 
0.930000,-1.#IND00,-1.#IND00 
0.940000,-1.#IND00,-1.#IND00 
0.950000,-1.#IND00,-1.#IND00 
0.960000,-1.#IND00,-1.#IND00 
0.970000,-1.#IND00,-1.#IND00 
0.980000,-1.#IND00,-1.#IND00 
0.990000,-1.#IND00,-1.#IND00 
1.000000,-1.#IND00,-1.#IND00 
1.010000,-1.#IND00,-1.#IND00 
1.020000,-1.#IND00,-1.#IND00 
1.030000,-1.#IND00,-1.#IND00 
1.040000,-1.#IND00,-1.#IND00 
1.050000,-1.#IND00,-1.#IND00 
1.060000,-1.#IND00,-1.#IND00 
1.070000,-1.#IND00,-1.#IND00 
1.080000,-1.#IND00,-1.#IND00 
1.090000,-1.#IND00,-1.#IND00 
1.100000,-1.#IND00,-1.#IND00 
1.110000,-1.#IND00,-1.#IND00 
1.120000,-1.#IND00,-1.#IND00 
1.130000,-1.#IND00,-1.#IND00 
1.140000,-1.#IND00,-1.#IND00 
1.150000,-1.#IND00,-1.#IND00 
1.160000,-1.#IND00,-1.#IND00 
1.170000,-1.#IND00,-1.#IND00 
1.180000,-1.#IND00,-1.#IND00 
1.190000,-1.#IND00,-1.#IND00 
1.200000,-1.#IND00,-1.#IND00 
1.210000,-1.#IND00,-1.#IND00 
1.220000,-1.#IND00,-1.#IND00 
1.230000,-1.#IND00,-1.#IND00 
1.240000,-1.#IND00,-1.#IND00 
1.250000,-1.#IND00,-1.#IND00 
1.260000,-1.#IND00,-1.#IND00 
1.270000,-1.#IND00,-1.#IND00 
1.280000,-1.#IND00,-1.#IND00 
1.290000,-1.#IND00,-1.#IND00 
1.300000,-1.#IND00,-1.#IND00 
1.310000,-1.#IND00,-1.#IND00 
1.320000,-1.#IND00,-1.#IND00 
1.330000,-1.#IND00,-1.#IND00 
1.340000,-1.#IND00,-1.#IND00 
1.350000,-1.#IND00,-1.#IND00 
1.360000,-1.#IND00,-1.#IND00 
1.370000,-1.#IND00,-1.#IND00 
1.380000,-1.#IND00,-1.#IND00 
1.390000,-1.#IND00,-1.#IND00 
1.400000,-1.#IND00,-1.#IND00 
1.410000,-1.#IND00,-1.#IND00 
1.420000,-1.#IND00,-1.#IND00 
1.430000,-1.#IND00,-1.#IND00 
1.440000,-1.#IND00,-1.#IND00 
1.450000,-1.#IND00,-1.#IND00 
1.460000,-1.#IND00,-1.#IND00 
1.470000,-1.#IND00,-1.#IND00 
1.480000,-1.#IND00,-1.#IND00 
1.490000,-1.#IND00,-1.#IND00 
1.500000,-1.#IND00,-1.#IND00 
1.510000,-1.#IND00,-1.#IND00 
1.520000,-1.#IND00,-1.#IND00 
1.530000,-1.#IND00,-1.#IND00 
1.540000,-1.#IND00,-1.#IND00 
1.550000,-1.#IND00,-1.#IND00 
1.560000,-1.#IND00,-1.#IND00 
1.570000,-1.#IND00,-1.#IND00 
1.580000,-1.#IND00,-1.#IND00 
1.590000,-1.#IND00,-1.#IND00 
1.600000,-1.#IND00,-1.#IND00 
1.610000,-1.#IND00,-1.#IND00 
1.620000,-1.#IND00,-1.#IND00 
1.630000,-1.#IND00,-1.#IND00 
1.640000,-1.#IND00,-1.#IND00 
1.650000,-1.#IND00,-1.#IND00 
1.660000,-1.#IND00,-1.#IND00 
1.670000,-1.#IND00,-1.#IND00 
1.680000,-1.#IND00,-1.#IND00 
1.690000,-1.#IND00,-1.#IND00 
1.700000,-1.#IND00,-1.#IND00 
1.710000,-1.#IND00,-1.#IND00 
1.720000,-1.#IND00,-1.#IND00 
1.730000,-1.#IND00,-1.#IND00 
1.740000,-1.#IND00,-1.#IND00 
1.750000,-1.#IND00,-1.#IND00 
1.760000,-1.#IND00,-1.#IND00 
1.770000,-1.#IND00,-1.#IND00 
1.780000,-1.#IND00,-1.#IND00 
1.790000,-1.#IND00,-1.#IND00 
1.800000,-1.#IND00,-1.#IND00 
1.810000,-1.#IND00,-1.#IND00 
1.820000,-1.#IND00,-1.#IND00 
1.830000,-1.#IND00,-1.#IND00 
1.840000,-1.#IND00,-1.#IND00 
1.850000,-1.#IND00,-1.#IND00 
1.860000,-1.#IND00,-1.#IND00 
1.870000,-1.#IND00,-1.#IND00 
1.880000,-1.#IND00,-1.#IND00 
1.890000,-1.#IND00,-1.#IND00 
1.900000,-1.#IND00,-1.#IND00 
1.910000,-1.#IND00,-1.#IND00 
1.920000,-1.#IND00,-1.#IND00 
1.930000,-1.#IND00,-1.#IND00 
1.940000,-1.#IND00,-1.#IND00 
1.950000,-1.#IND00,-1.#IND00 
1.960000,-1.#IND00,-1.#IND00 
1.970000,-1.#IND00,-1.#IND00 
1.980000,-1.#IND00,-1.#IND00 
1.990000,-1.#IND00,-1.#IND00 
2.000000,-1.#IND00,-1.#IND00 
2.010000,-1.#IND00,-1.#IND00 
2.020000,-1.#IND00,-1.#IND00 
2.030000,-1.#IND00,-1.#IND00 
2.040000,-1.#IND00,-1.#IND00 
2.050000,-1.#IND00,-1.#IND00 
2.060000,-1.#IND00,-1.#IND00 
2.070000,-1.#IND00,-1.#IND00 
2.080000,-1.#IND00,-1.#IND00 
2.090000,-1.#IND00,-1.#IND00 
2.100000,-1.#IND00,-1.#IND00 
2.110000,-1.#IND00,-1.#IND00 
2.120000,-1.#IND00,-1.#IND00 
2.130000,-1.#IND00,-1.#IND00 
2.140000,-1.#IND00,-1.#IND00 
2.150000,-1.#IND00,-1.#IND00 
2.160000,-1.#IND00,-1.#IND00 
2.170000,-1.#IND00,-1.#IND00 
2.180000,-1.#IND00,-1.#IND00 
2.190000,-1.#IND00,-1.#IND00 
2.200000,-1.#IND00,-1.#IND00 
2.210000,-1.#IND00,-1.#IND00 
2.220000,-1.#IND00,-1.#IND00 
2.230000,-1.#IND00,-1.#IND00 
2.240000,-1.#IND00,-1.#IND00 
2.250000,-1.#IND00,-1.#IND00 
2.260000,-1.#IND00,-1.#IND00 
2.270000,-1.#IND00,-1.#IND00 
2.280000,-1.#IND00,-1.#IND00 
2.290000,-1.#IND00,-1.#IND00 
2.300000,-1.#IND00,-1.#IND00 
2.310000,-1.#IND00,-1.#IND00 
2.320000,-1.#IND00,-1.#IND00 
2.330000,-1.#IND00,-1.#IND00 
2.340000,-1.#IND00,-1.#IND00 
2.350000,-1.#IND00,-1.#IND00 
2.360000,-1.#IND00,-1.#IND00 
2.370000,-1.#IND00,-1.#IND00 
2.380000,-1.#IND00,-1.#IND00 
2.390000,-1.#IND00,-1.#IND00 
2.400000,-1.#IND00,-1.#IND00 
2.410000,-1.#IND00,-1.#IND00 
2.420000,-1.#IND00,-1.#IND00 
2.430000,-1.#IND00,-1.#IND00 
2.440000,-1.#IND00,-1.#IND00 
2.450000,-1.#IND00,-1.#IND00 
2.460000,-1.#IND00,-1.#IND00 
2.470000,-1.#IND00,-1.#IND00 
2.480000,-1.#IND00,-1.#IND00 
2.490000,-1.#IND00,-1.#IND00 
2.500000,-1.#IND00,-1.#IND00 
2.510000,-1.#IND00,-1.#IND00 
2.520000,-1.#IND00,-1.#IND00 
2.530000,-1.#IND00,-1.#IND00 
2.540000,-1.#IND00,-1.#IND00 
2.550000,-1.#IND00,-1.#IND00 
2.560000,-1.#IND00,-1.#IND00 
2.570000,-1.#IND00,-1.#IND00 
2.580000,-1.#IND00,-1.#IND00 
2.590000,-1.#IND00,-1.#IND00 
2.600000,-1.#IND00,-1.#IND00 
2.610000,-1.#IND00,-1.#IND00 
2.620000,-1.#IND00,-1.#IND00 
2.630000,-1.#IND00,-1.#IND00 
2.640000,-1.#IND00,-1.#IND00 
2.650000,-1.#IND00,-1.#IND00 
2.660000,-1.#IND00,-1.#IND00 
2.670000,-1.#IND00,-1.#IND00 
2.680000,-1.#IND00,-1.#IND00 
2.690000,-1.#IND00,-1.#IND00 
2.700000,-1.#IND00,-1.#IND00 
2.710000,-1.#IND00,-1.#IND00 
2.720000,-1.#IND00,-1.#IND00 
2.730000,-1.#IND00,-1.#IND00 
2.740000,-1.#IND00,-1.#IND00 
2.750000,-1.#IND00,-1.#IND00 
2.760000,-1.#IND00,-1.#IND00 
2.770000,-1.#IND00,-1.#IND00 
2.780000,-1.#IND00,-1.#IND00 
2.790000,-1.#IND00,-1.#IND00 
2.800000,-1.#IND00,-1.#IND00 
2.810000,-1.#IND00,-1.#IND00 
2.820000,-1.#IND00,-1.#IND00 
2.830000,-1.#IND00,-1.#IND00 
2.840000,-1.#IND00,-1.#IND00 
2.850000,-1.#IND00,-1.#IND00 
2.860000,-1.#IND00,-1.#IND00 
2.870000,-1.#IND00,-1.#IND00 
2.880000,-1.#IND00,-1.#IND00 
2.890000,-1.#IND00,-1.#IND00 
2.900000,-1.#IND00,-1.#IND00 
2.910000,-1.#IND00,-1.#IND00 
2.920000,-1.#IND00,-1.#IND00 
2.930000,-1.#IND00,-1.#IND00 
2.940000,-1.#IND00,-1.#IND00 
2.950000,-1.#IND00,-1.#IND00 
2.960000,-1.#IND00,-1.#IND00 
2.970000,-1.#IND00,-1.#IND00 
2.980000,-1.#IND00,-1.#IND00 
2.990000,-1.#IND00,-1.#IND00 
3.000000,-1.#IND00,-1.#IND00 
3.010000,-1.#IND00,-1.#IND00 
3.020000,-1.#IND00,-1.#IND00 
3.030000,-1.#IND00,-1.#IND00 
3.040000,-1.#IND00,-1.#IND00 
3.050000,-1.#IND00,-1.#IND00 
3.060000,-1.#IND00,-1.#IND00 
3.070000,-1.#IND00,-1.#IND00 
3.080000,-1.#IND00,-1.#IND00 
3.090000,-1.#IND00,-1.#IND00 
3.100000,-1.#IND00,-1.#IND00 
3.110000,-1.#IND00,-1.#IND00 
3.120000,-1.#IND00,-1.#IND00 
3.130000,-1.#IND00,-1.#IND00 
3.140000,-1.#IND00,-1.#IND00 
3.150000,-1.#IND00,-1.#IND00 
3.160000,-1.#IND00,-1.#IND00 
3.170000,-1.#IND00,-1.#IND00 
3.180000,-1.#IND00,-1.#IND00 
3.190000,-1.#IND00,-1.#IND00 
3.200000,-1.#IND00,-1.#IND00 
3.210000,-1.#IND00,-1.#IND00 
3.220000,-1.#IND00,-1.#IND00 
3.230000,-1.#IND00,-1.#IND00 
3.240000,-1.#IND00,-1.#IND00 
3.250000,-1.#IND00,-1.#IND00 
3.260000,-1.#IND00,-1.#IND00 
3.270000,-1.#IND00,-1.#IND00 
3.280000,-1.#IND00,-1.#IND00 
3.290000,-1.#IND00,-1.#IND00 
3.300000,-1.#IND00,-1.#IND00 
3.310000,-1.#IND00,-1.#IND00 
3.320000,-1.#IND00,-1.#IND00 
3.330000,-1.#IND00,-1.#IND00 
3.340000,-1.#IND00,-1.#IND00 
3.350000,-1.#IND00,-1.#IND00 
3.360000,-1.#IND00,-1.#IND00 
3.370000,-1.#IND00,-1.#IND00 
3.380000,-1.#IND00,-1.#IND00 
3.390000,-1.#IND00,-1.#IND00 
3.400000,-1.#IND00,-1.#IND00 
3.410000,-1.#IND00,-1.#IND00 
3.420000,-1.#IND00,-1.#IND00 
3.430000,-1.#IND00,-1.#IND00 
3.440000,-1.#IND00,-1.#IND00 
3.450000,-1.#IND00,-1.#IND00 
3.460000,-1.#IND00,-1.#IND00 
3.470000,-1.#IND00,-1.#IND00 
3.480000,-1.#IND00,-1.#IND00 
3.490000,-1.#IND00,-1.#IND00 
3.500000,-1.#IND00,-1.#IND00 
3.510000,-1.#IND00,-1.#IND00 
3.520000,-1.#IND00,-1.#IND00 
3.530000,-1.#IND00,-1.#IND00 
3.540000,-1.#IND00,-1.#IND00 
3.550000,-1.#IND00,-1.#IND00 
3.560000,-1.#IND00,-1.#IND00 
3.570000,-1.#IND00,-1.#IND00 
3.580000,-1.#IND00,-1.#IND00 
3.590000,-1.#IND00,-1.#IND00 
3.600000,-1.#IND00,-1.#IND00 
3.610000,-1.#IND00,-1.#IND00 
3.620000,-1.#IND00,-1.#IND00 
3.630000,-1.#IND00,-1.#IND00 
3.640000,-1.#IND00,-1.#IND00 
3.650000,-1.#IND00,-1.#IND00 
3.660000,-1.#IND00,-1.#IND00 
3.670000,-1.#IND00,-1.#IND00 
3.680000,-1.#IND00,-1.#IND00 
3.690000,-1.#IND00,-1.#IND00 
3.700000,-1.#IND00,-1.#IND00 
3.710000,-1.#IND00,-1.#IND00 
3.720000,-1.#IND00,-1.#IND00 
3.730000,-1.#IND00,-1.#IND00 
3.740000,-1.#IND00,-1.#IND00 
3.750000,-1.#IND00,-1.#IND00 
3.760000,-1.#IND00,-1.#IND00 
3.770000,-1.#IND00,-1.#IND00 
3.780000,-1.#IND00,-1.#IND00 
3.790000,-1.#IND00,-1.#IND00 
3.800000,-1.#IND00,-1.#IND00 
3.810000,-1.#IND00,-1.#IND00 
3.820000,-1.#IND00,-1.#IND00 
3.830000,-1.#IND00,-1.#IND00 
3.840000,-1.#IND00,-1.#IND00 
3.850000,-1.#IND00,-1.#IND00 
3.860000,-1.#IND00,-1.#IND00 
3.870000,-1.#IND00,-1.#IND00 
3.880000,-1.#IND00,-1.#IND00 
3.890000,-1.#IND00,-1.#IND00 
3.900000,-1.#IND00,-1.#IND00 
3.910000,-1.#IND00,-1.#IND00 
3.920000,-1.#IND00,-1.#IND00 
3.930000,-1.#IND00,-1.#IND00 
3.940000,-1.#IND00,-1.#IND00 
3.950000,-1.#IND00,-1.#IND00 
3.960000,-1.#IND00,-1.#IND00 
3.970000,-1.#IND00,-1.#IND00 
3.980000,-1.#IND00,-1.#IND00 
3.990000,-1.#IND00,-1.#IND00 
4.000000,-1.#IND00,-1.#IND00 
4.010000,-1.#IND00,-1.#IND00 
4.020000,-1.#IND00,-1.#IND00 
4.030000,-1.#IND00,-1.#IND00 
4.040000,-1.#IND00,-1.#IND00 
4.050000,-1.#IND00,-1.#IND00 
4.060000,-1.#IND00,-1.#IND00 
4.070000,-1.#IND00,-1.#IND00 
4.080000,-1.#IND00,-1.#IND00 
4.090000,-1.#IND00,-1.#IND00 
4.100000,-1.#IND00,-1.#IND00 
4.110000,-1.#IND00,-1.#IND00 
4.120000,-1.#IND00,-1.#IND00 
4.130000,-1.#IND00,-1.#IND00 
4.140000,-1.#IND00,-1.#IND00 
4.150000,-1.#IND00,-1.#IND00 
4.160000,-1.#IND00,-1.#IND00 
4.170000,-1.#IND00,-1.#IND00 
4.180000,-1.#IND00,-1.#IND00 
4.190000,-1.#IND00,-1.#IND00 
4.200000,-1.#IND00,-1.#IND00 
4.210000,-1.#IND00,-1.#IND00 
4.220000,-1.#IND00,-1.#IND00 
4.230000,-1.#IND00,-1.#IND00 
4.240000,-1.#IND00,-1.#IND00 
4.250000,-1.#IND00,-1.#IND00 
4.260000,-1.#IND00,-1.#IND00 
4.270000,-1.#IND00,-1.#IND00 
4.280000,-1.#IND00,-1.#IND00 
4.290000,-1.#IND00,-1.#IND00 
4.300000,-1.#IND00,-1.#IND00 
4.310000,-1.#IND00,-1.#IND00 
4.320000,-1.#IND00,-1.#IND00 
4.330000,-1.#IND00,-1.#IND00 
4.340000,-1.#IND00,-1.#IND00 
4.350000,-1.#IND00,-1.#IND00 
4.360000,-1.#IND00,-1.#IND00 
4.370000,-1.#IND00,-1.#IND00 
4.380000,-1.#IND00,-1.#IND00 
4.390000,-1.#IND00,-1.#IND00 
4.400000,-1.#IND00,-1.#IND00 
4.410000,-1.#IND00,-1.#IND00 
4.420000,-1.#IND00,-1.#IND00 
4.430000,-1.#IND00,-1.#IND00 
4.440000,-1.#IND00,-1.#IND00 
4.450000,-1.#IND00,-1.#IND00 
4.460000,-1.#IND00,-1.#IND00 
4.470000,-1.#IND00,-1.#IND00 
4.480000,-1.#IND00,-1.#IND00 
4.490000,-1.#IND00,-1.#IND00 
4.500000,-1.#IND00,-1.#IND00 
4.510000,-1.#IND00,-1.#IND00 
4.520000,-1.#IND00,-1.#IND00 
4.530000,-1.#IND00,-1.#IND00 
4.540000,-1.#IND00,-1.#IND00 
4.550000,-1.#IND00,-1.#IND00 
4.560000,-1.#IND00,-1.#IND00 
4.570000,-1.#IND00,-1.#IND00 
4.580000,-1.#IND00,-1.#IND00 
4.590000,-1.#IND00,-1.#IND00 
4.600000,-1.#IND00,-1.#IND00 
4.610000,-1.#IND00,-1.#IND00 
4.620000,-1.#IND00,-1.#IND00 
4.630000,-1.#IND00,-1.#IND00 
4.640000,-1.#IND00,-1.#IND00 
4.650000,-1.#IND00,-1.#IND00 
4.660000,-1.#IND00,-1.#IND00 
4.670000,-1.#IND00,-1.#IND00 
4.680000,-1.#IND00,-1.#IND00 
4.690000,-1.#IND00,-1.#IND00 
4.700000,-1.#IND00,-1.#IND00 
4.710000,-1.#IND00,-1.#IND00 
4.720000,-1.#IND00,-1.#IND00 
4.730000,-1.#IND00,-1.#IND00 
4.740000,-1.#IND00,-1.#IND00 
4.750000,-1.#IND00,-1.#IND00 
4.760000,-1.#IND00,-1.#IND00 
4.770000,-1.#IND00,-1.#IND00 
4.780000,-1.#IND00,-1.#IND00 
4.790000,-1.#IND00,-1.#IND00 
4.800000,-1.#IND00,-1.#IND00 
4.810000,-1.#IND00,-1.#IND00 
4.820000,-1.#IND00,-1.#IND00 
4.830000,-1.#IND00,-1.#IND00 
4.840000,-1.#IND00,-1.#IND00 
4.850000,-1.#IND00,-1.#IND00 
4.860000,-1.#IND00,-1.#IND00 
4.870000,-1.#IND00,-1.#IND00 
4.880000,-1.#IND00,-1.#IND00 
4.890000,-1.#IND00,-1.#IND00 
4.900000,-1.#IND00,-1.#IND00 
4.910000,-1.#IND00,-1.#IND00 
4.920000,-1.#IND00,-1.#IND00 
4.930000,-1.#IND00,-1.#IND00 
4.940000,-1.#IND00,-1.#IND00 
4.950000,-1.#IND00,-1.#IND00 
4.960000,-1.#IND00,-1.#IND00 
4.970000,-1.#IND00,-1.#IND00 
4.980000,-1.#IND00,-1.#IND00 
4.990000,-1.#IND00,-1.#IND00 
5.000000,-1.#IND00,-1.#IND00 
5.010000,-1.#IND00,-1.#IND00 
5.020000,-1.#IND00,-1.#IND00 
5.030000,-1.#IND00,-1.#IND00 
5.040000,-1.#IND00,-1.#IND00 
5.050000,-1.#IND00,-1.#IND00 
5.060000,-1.#IND00,-1.#IND00 
5.070000,-1.#IND00,-1.#IND00 
5.080000,-1.#IND00,-1.#IND00 
5.090000,-1.#IND00,-1.#IND00 
5.100000,-1.#IND00,-1.#IND00 
5.110000,-1.#IND00,-1.#IND00 
5.120000,-1.#IND00,-1.#IND00 
5.130000,-1.#IND00,-1.#IND00 
5.140000,-1.#IND00,-1.#IND00 
5.150000,-1.#IND00,-1.#IND00 
5.160000,-1.#IND00,-1.#IND00 
5.170000,-1.#IND00,-1.#IND00 
5.180000,-1.#IND00,-1.#IND00 
5.190000,-1.#IND00,-1.#IND00 
5.200000,-1.#IND00,-1.#IND00 
5.210000,-1.#IND00,-1.#IND00 
5.220000,-1.#IND00,-1.#IND00 
5.230000,-1.#IND00,-1.#IND00 
5.240000,-1.#IND00,-1.#IND00 
5.250000,-1.#IND00,-1.#IND00 
5.260000,-1.#IND00,-1.#IND00 
5.270000,-1.#IND00,-1.#IND00 
5.280000,-1.#IND00,-1.#IND00 
5.290000,-1.#IND00,-1.#IND00 
5.300000,-1.#IND00,-1.#IND00 
5.310000,-1.#IND00,-1.#IND00 
5.320000,-1.#IND00,-1.#IND00 
5.330000,-1.#IND00,-1.#IND00 
5.340000,-1.#IND00,-1.#IND00 
5.350000,-1.#IND00,-1.#IND00 
5.360000,-1.#IND00,-1.#IND00 
5.370000,-1.#IND00,-1.#IND00 
5.380000,-1.#IND00,-1.#IND00 
5.390000,-1.#IND00,-1.#IND00 
5.400000,-1.#IND00,-1.#IND00 
5.410000,-1.#IND00,-1.#IND00 
5.420000,-1.#IND00,-1.#IND00 
5.430000,-1.#IND00,-1.#IND00 
5.440000,-1.#IND00,-1.#IND00 
5.450000,-1.#IND00,-1.#IND00 
5.460000,-1.#IND00,-1.#IND00 
5.470000,-1.#IND00,-1.#IND00 
5.480000,-1.#IND00,-1.#IND00 
5.490000,-1.#IND00,-1.#IND00 
5.500000,-1.#IND00,-1.#IND00 
5.510000,-1.#IND00,-1.#IND00 
5.520000,-1.#IND00,-1.#IND00 
5.530000,-1.#IND00,-1.#IND00 
5.540000,-1.#IND00,-1.#IND00 
5.550000,-1.#IND00,-1.#IND00 
5.560000,-1.#IND00,-1.#IND00 
5.570000,-1.#IND00,-1.#IND00 
5.580000,-1.#IND00,-1.#IND00 
5.590000,-1.#IND00,-1.#IND00 
5.600000,-1.#IND00,-1.#IND00 
5.610000,-1.#IND00,-1.#IND00 
5.620000,-1.#IND00,-1.#IND00 
5.630000,-1.#IND00,-1.#IND00 
5.640000,-1.#IND00,-1.#IND00 
5.650000,-1.#IND00,-1.#IND00 
5.660000,-1.#IND00,-1.#IND00 
5.670000,-1.#IND00,-1.#IND00 
5.680000,-1.#IND00,-1.#IND00 
5.690000,-1.#IND00,-1.#IND00 
5.700000,-1.#IND00,-1.#IND00 
5.710000,-1.#IND00,-1.#IND00 
5.720000,-1.#IND00,-1.#IND00 
5.730000,-1.#IND00,-1.#IND00 
5.740000,-1.#IND00,-1.#IND00 
5.750000,-1.#IND00,-1.#IND00 
5.760000,-1.#IND00,-1.#IND00 
5.770000,-1.#IND00,-1.#IND00 
5.780000,-1.#IND00,-1.#IND00 
5.790000,-1.#IND00,-1.#IND00 
5.800000,-1.#IND00,-1.#IND00 
5.810000,-1.#IND00,-1.#IND00 
5.820000,-1.#IND00,-1.#IND00 
5.830000,-1.#IND00,-1.#IND00 
5.840000,-1.#IND00,-1.#IND00 
5.850000,-1.#IND00,-1.#IND00 
5.860000,-1.#IND00,-1.#IND00 
5.870000,-1.#IND00,-1.#IND00 
5.880000,-1.#IND00,-1.#IND00 
5.890000,-1.#IND00,-1.#IND00 
5.900000,-1.#IND00,-1.#IND00 
5.910000,-1.#IND00,-1.#IND00 
5.920000,-1.#IND00,-1.#IND00 
5.930000,-1.#IND00,-1.#IND00 
5.940000,-1.#IND00,-1.#IND00 
5.950000,-1.#IND00,-1.#IND00 
5.960000,-1.#IND00,-1.#IND00 
5.970000,-1.#IND00,-1.#IND00 
5.980000,-1.#IND00,-1.#IND00 
5.990000,-1.#IND00,-1.#IND00 
6.000000,-1.#IND00,-1.#IND00 
6.010000,-1.#IND00,-1.#IND00 
6.020000,-1.#IND00,-1.#IND00 
6.030000,-1.#IND00,-1.#IND00 
6.040000,-1.#IND00,-1.#IND00 
6.050000,-1.#IND00,-1.#IND00 
6.060000,-1.#IND00,-1.#IND00 
6.070000,-1.#IND00,-1.#IND00 
6.080000,-1.#IND00,-1.#IND00 
6.090000,-1.#IND00,-1.#IND00 
6.100000,-1.#IND00,-1.#IND00 
6.110000,-1.#IND00,-1.#IND00 
6.120000,-1.#IND00,-1.#IND00 
6.130000,-1.#IND00,-1.#IND00 
6.140000,-1.#IND00,-1.#IND00 
6.150000,-1.#IND00,-1.#IND00 
6.160000,-1.#IND00,-1.#IND00 
6.170000,-1.#IND00,-1.#IND00 
6.180000,-1.#IND00,-1.#IND00 
6.190000,-1.#IND00,-1.#IND00 
6.200000,-1.#IND00,-1.#IND00 
6.210000,-1.#IND00,-1.#IND00 
6.220000,-1.#IND00,-1.#IND00 
6.230000,-1.#IND00,-1.#IND00 
6.240000,-1.#IND00,-1.#IND00 
6.250000,-1.#IND00,-1.#IND00 
6.260000,-1.#IND00,-1.#IND00 
6.270000,-1.#IND00,-1.#IND00 
6.280000,-1.#IND00,-1.#IND00 
6.290000,-1.#IND00,-1.#IND00 
6.300000,-1.#IND00,-1.#IND00 
6.310000,-1.#IND00,-1.#IND00 
6.320000,-1.#IND00,-1.#IND00 
6.330000,-1.#IND00,-1.#IND00 
6.340000,-1.#IND00,-1.#IND00 
6.350000,-1.#IND00,-1.#IND00 
6.360000,-1.#IND00,-1.#IND00 
6.370000,-1.#IND00,-1.#IND00 
6.380000,-1.#IND00,-1.#IND00 
6.390000,-1.#IND00,-1.#IND00 
6.400000,-1.#IND00,-1.#IND00 
6.410000,-1.#IND00,-1.#IND00 
6.420000,-1.#IND00,-1.#IND00 
6.430000,-1.#IND00,-1.#IND00 
6.440000,-1.#IND00,-1.#IND00 
6.450000,-1.#IND00,-1.#IND00 
6.460000,-1.#IND00,-1.#IND00 
6.470000,-1.#IND00,-1.#IND00 
6.480000,-1.#IND00,-1.#IND00 
6.490000,-1.#IND00,-1.#IND00 
6.500000,-1.#IND00,-1.#IND00 
6.510000,-1.#IND00,-1.#IND00 
6.520000,-1.#IND00,-1.#IND00 
6.530000,-1.#IND00,-1.#IND00 
6.540000,-1.#IND00,-1.#IND00 
6.550000,-1.#IND00,-1.#IND00 
6.560000,-1.#IND00,-1.#IND00 
6.570000,-1.#IND00,-1.#IND00 
6.580000,-1.#IND00,-1.#IND00 
6.590000,-1.#IND00,-1.#IND00 
6.600000,-1.#IND00,-1.#IND00 
6.610000,-1.#IND00,-1.#IND00 
6.620000,-1.#IND00,-1.#IND00 
6.630000,-1.#IND00,-1.#IND00 
6.640000,-1.#IND00,-1.#IND00 
6.650000,-1.#IND00,-1.#IND00 
6.660000,-1.#IND00,-1.#IND00 
6.670000,-1.#IND00,-1.#IND00 
6.680000,-1.#IND00,-1.#IND00 
6.690000,-1.#IND00,-1.#IND00 
6.700000,-1.#IND00,-1.#IND00 
6.710000,-1.#IND00,-1.#IND00 
6.720000,-1.#IND00,-1.#IND00 
6.730000,-1.#IND00,-1.#IND00 
6.740000,-1.#IND00,-1.#IND00 
6.750000,-1.#IND00,-1.#IND00 
6.760000,-1.#IND00,-1.#IND00 
6.770000,-1.#IND00,-1.#IND00 
6.780000,-1.#IND00,-1.#IND00 
6.790000,-1.#IND00,-1.#IND00 
6.800000,-1.#IND00,-1.#IND00 
6.810000,-1.#IND00,-1.#IND00 
6.820000,-1.#IND00,-1.#IND00 
6.830000,-1.#IND00,-1.#IND00 
6.840000,-1.#IND00,-1.#IND00 
6.850000,-1.#IND00,-1.#IND00 
6.860000,-1.#IND00,-1.#IND00 
6.870000,-1.#IND00,-1.#IND00 
6.880000,-1.#IND00,-1.#IND00 
6.890000,-1.#IND00,-1.#IND00 
6.900000,-1.#IND00,-1.#IND00 
6.910000,-1.#IND00,-1.#IND00 
6.920000,-1.#IND00,-1.#IND00 
6.930000,-1.#IND00,-1.#IND00 
6.940000,-1.#IND00,-1.#IND00 
6.950000,-1.#IND00,-1.#IND00 
6.960000,-1.#IND00,-1.#IND00 
6.970000,-1.#IND00,-1.#IND00 
6.980000,-1.#IND00,-1.#IND00 
6.990000,-1.#IND00,-1.#IND00 
7.000000,-1.#IND00,-1.#IND00 
7.010000,-1.#IND00,-1.#IND00 
7.020000,-1.#IND00,-1.#IND00 
7.030000,-1.#IND00,-1.#IND00 
7.040000,-1.#IND00,-1.#IND00 
7.050000,-1.#IND00,-1.#IND00 
7.060000,-1.#IND00,-1.#IND00 
7.070000,-1.#IND00,-1.#IND00 
7.080000,-1.#IND00,-1.#IND00 
7.090000,-1.#IND00,-1.#IND00 
7.100000,-1.#IND00,-1.#IND00 
7.110000,-1.#IND00,-1.#IND00 
7.120000,-1.#IND00,-1.#IND00 
7.130000,-1.#IND00,-1.#IND00 
7.140000,-1.#IND00,-1.#IND00 
7.150000,-1.#IND00,-1.#IND00 
7.160000,-1.#IND00,-1.#IND00 
7.170000,-1.#IND00,-1.#IND00 
7.180000,-1.#IND00,-1.#IND00 
7.190000,-1.#IND00,-1.#IND00 
7.200000,-1.#IND00,-1.#IND00 
7.210000,-1.#IND00,-1.#IND00 
7.220000,-1.#IND00,-1.#IND00 
7.230000,-1.#IND00,-1.#IND00 
7.240000,-1.#IND00,-1.#IND00 
7.250000,-1.#IND00,-1.#IND00 
7.260000,-1.#IND00,-1.#IND00 
7.270000,-1.#IND00,-1.#IND00 
7.280000,-1.#IND00,-1.#IND00 
7.290000,-1.#IND00,-1.#IND00 
7.300000,-1.#IND00,-1.#IND00 
7.310000,-1.#IND00,-1.#IND00 
7.320000,-1.#IND00,-1.#IND00 
7.330000,-1.#IND00,-1.#IND00 
7.340000,-1.#IND00,-1.#IND00 
7.350000,-1.#IND00,-1.#IND00 
7.360000,-1.#IND00,-1.#IND00 
7.370000,-1.#IND00,-1.#IND00 
7.380000,-1.#IND00,-1.#IND00 
7.390000,-1.#IND00,-1.#IND00 
7.400000,-1.#IND00,-1.#IND00 
7.410000,-1.#IND00,-1.#IND00 
7.420000,-1.#IND00,-1.#IND00 
7.430000,-1.#IND00,-1.#IND00 
7.440000,-1.#IND00,-1.#IND00 
7.450000,-1.#IND00,-1.#IND00 
7.460000,-1.#IND00,-1.#IND00 
7.470000,-1.#IND00,-1.#IND00 
7.480000,-1.#IND00,-1.#IND00 
7.490000,-1.#IND00,-1.#IND00 
7.500000,-1.#IND00,-1.#IND00 
7.510000,-1.#IND00,-1.#IND00 
7.520000,-1.#IND00,-1.#IND00 
7.530000,-1.#IND00,-1.#IND00 
7.540000,-1.#IND00,-1.#IND00 
7.550000,-1.#IND00,-1.#IND00 
7.560000,-1.#IND00,-1.#IND00 
7.570000,-1.#IND00,-1.#IND00 
7.580000,-1.#IND00,-1.#IND00 
7.590000,-1.#IND00,-1.#IND00 
7.600000,-1.#IND00,-1.#IND00 
7.610000,-1.#IND00,-1.#IND00 
7.620000,-1.#IND00,-1.#IND00 
7.630000,-1.#IND00,-1.#IND00 
7.640000,-1.#IND00,-1.#IND00 
7.650000,-1.#IND00,-1.#IND00 
7.660000,-1.#IND00,-1.#IND00 
7.670000,-1.#IND00,-1.#IND00 
7.680000,-1.#IND00,-1.#IND00 
7.690000,-1.#IND00,-1.#IND00 
7.700000,-1.#IND00,-1.#IND00 
7.710000,-1.#IND00,-1.#IND00 
7.720000,-1.#IND00,-1.#IND00 
7.730000,-1.#IND00,-1.#IND00 
7.740000,-1.#IND00,-1.#IND00 
7.750000,-1.#IND00,-1.#IND00 
7.760000,-1.#IND00,-1.#IND00 
7.770000,-1.#IND00,-1.#IND00 
7.780000,-1.#IND00,-1.#IND00 
7.790000,-1.#IND00,-1.#IND00 
7.800000,-1.#IND00,-1.#IND00 
7.810000,-1.#IND00,-1.#IND00 
7.820000,-1.#IND00,-1.#IND00 
7.830000,-1.#IND00,-1.#IND00 
7.840000,-1.#IND00,-1.#IND00 
7.850000,-1.#IND00,-1.#IND00 
7.860000,-1.#IND00,-1.#IND00 
7.870000,-1.#IND00,-1.#IND00 
7.880000,-1.#IND00,-1.#IND00 
7.890000,-1.#IND00,-1.#IND00 
7.900000,-1.#IND00,-1.#IND00 
7.910000,-1.#IND00,-1.#IND00 
7.920000,-1.#IND00,-1.#IND00 
7.930000,-1.#IND00,-1.#IND00 
7.940000,-1.#IND00,-1.#IND00 
7.950000,-1.#IND00,-1.#IND00 
7.960000,-1.#IND00,-1.#IND00 
7.970000,-1.#IND00,-1.#IND00 
7.980000,-1.#IND00,-1.#IND00 
7.990000,-1.#IND00,-1.#IND00 
8.000000,-1.#IND00,-1.#IND00 
8.010000,-1.#IND00,-1.#IND00 
8.020000,-1.#IND00,-1.#IND00 
8.030000,-1.#IND00,-1.#IND00 
8.040000,-1.#IND00,-1.#IND00 
8.050000,-1.#IND00,-1.#IND00 
8.060000,-1.#IND00,-1.#IND00 
8.070000,-1.#IND00,-1.#IND00 
8.080000,-1.#IND00,-1.#IND00 
8.090000,-1.#IND00,-1.#IND00 
8.100000,-1.#IND00,-1.#IND00 
8.110000,-1.#IND00,-1.#IND00 
8.120000,-1.#IND00,-1.#IND00 
8.130000,-1.#IND00,-1.#IND00 
8.140000,-1.#IND00,-1.#IND00 
8.150000,-1.#IND00,-1.#IND00 
8.160000,-1.#IND00,-1.#IND00 
8.170000,-1.#IND00,-1.#IND00 
8.180000,-1.#IND00,-1.#IND00 
8.190000,-1.#IND00,-1.#IND00 
8.200000,-1.#IND00,-1.#IND00 
8.210000,-1.#IND00,-1.#IND00 
8.220000,-1.#IND00,-1.#IND00 
8.230000,-1.#IND00,-1.#IND00 
8.240000,-1.#IND00,-1.#IND00 
8.250000,-1.#IND00,-1.#IND00 
8.260000,-1.#IND00,-1.#IND00 
8.270000,-1.#IND00,-1.#IND00 
8.280000,-1.#IND00,-1.#IND00 
8.290000,-1.#IND00,-1.#IND00 
8.300000,-1.#IND00,-1.#IND00 
8.310000,-1.#IND00,-1.#IND00 
8.320000,-1.#IND00,-1.#IND00 
8.330000,-1.#IND00,-1.#IND00 
8.340000,-1.#IND00,-1.#IND00 
8.350000,-1.#IND00,-1.#IND00 
8.360000,-1.#IND00,-1.#IND00 
8.370000,-1.#IND00,-1.#IND00 
8.380000,-1.#IND00,-1.#IND00 
8.390000,-1.#IND00,-1.#IND00 
8.400000,-1.#IND00,-1.#IND00 
8.410000,-1.#IND00,-1.#IND00 
8.420000,-1.#IND00,-1.#IND00 
8.430000,-1.#IND00,-1.#IND00 
8.440000,-1.#IND00,-1.#IND00 
8.450000,-1.#IND00,-1.#IND00 
8.460000,-1.#IND00,-1.#IND00 
8.470000,-1.#IND00,-1.#IND00 
8.480000,-1.#IND00,-1.#IND00 
8.490000,-1.#IND00,-1.#IND00 
8.500000,-1.#IND00,-1.#IND00 
8.510000,-1.#IND00,-1.#IND00 
8.520000,-1.#IND00,-1.#IND00 
8.530000,-1.#IND00,-1.#IND00 
8.540000,-1.#IND00,-1.#IND00 
8.550000,-1.#IND00,-1.#IND00 
8.560000,-1.#IND00,-1.#IND00 
8.570000,-1.#IND00,-1.#IND00 
8.580000,-1.#IND00,-1.#IND00 
8.590000,-1.#IND00,-1.#IND00 
8.600000,-1.#IND00,-1.#IND00 
8.610000,-1.#IND00,-1.#IND00 
8.620000,-1.#IND00,-1.#IND00 
8.630000,-1.#IND00,-1.#IND00 
8.640000,-1.#IND00,-1.#IND00 
8.650000,-1.#IND00,-1.#IND00 
8.660000,-1.#IND00,-1.#IND00 
8.670000,-1.#IND00,-1.#IND00 
8.680000,-1.#IND00,-1.#IND00 
8.690000,-1.#IND00,-1.#IND00 
8.700000,-1.#IND00,-1.#IND00 
8.710000,-1.#IND00,-1.#IND00 
8.720000,-1.#IND00,-1.#IND00 
8.730000,-1.#IND00,-1.#IND00 
8.740000,-1.#IND00,-1.#IND00 
8.750000,-1.#IND00,-1.#IND00 
8.760000,-1.#IND00,-1.#IND00 
8.770000,-1.#IND00,-1.#IND00 
8.780000,-1.#IND00,-1.#IND00 
8.790000,-1.#IND00,-1.#IND00 
8.800000,-1.#IND00,-1.#IND00 
8.810000,-1.#IND00,-1.#IND00 
8.820000,-1.#IND00,-1.#IND00 
8.830000,-1.#IND00,-1.#IND00 
8.840000,-1.#IND00,-1.#IND00 
8.850000,-1.#IND00,-1.#IND00 
8.860000,-1.#IND00,-1.#IND00 
8.870000,-1.#IND00,-1.#IND00 
8.880000,-1.#IND00,-1.#IND00 
8.890000,-1.#IND00,-1.#IND00 
8.900000,-1.#IND00,-1.#IND00 
8.910000,-1.#IND00,-1.#IND00 
8.920000,-1.#IND00,-1.#IND00 
8.930000,-1.#IND00,-1.#IND00 
8.940000,-1.#IND00,-1.#IND00 
8.950000,-1.#IND00,-1.#IND00 
8.960000,-1.#IND00,-1.#IND00 
8.970000,-1.#IND00,-1.#IND00 
8.980000,-1.#IND00,-1.#IND00 
8.990000,-1.#IND00,-1.#IND00 
9.000000,-1.#IND00,-1.#IND00 
9.010000,-1.#IND00,-1.#IND00 
9.020000,-1.#IND00,-1.#IND00 
9.030000,-1.#IND00,-1.#IND00 
9.040000,-1.#IND00,-1.#IND00 
9.050000,-1.#IND00,-1.#IND00 
9.060000,-1.#IND00,-1.#IND00 
9.070000,-1.#IND00,-1.#IND00 
9.080000,-1.#IND00,-1.#IND00 
9.090000,-1.#IND00,-1.#IND00 
9.100000,-1.#IND00,-1.#IND00 
9.110000,-1.#IND00,-1.#IND00 
9.120000,-1.#IND00,-1.#IND00 
9.130000,-1.#IND00,-1.#IND00 
9.140000,-1.#IND00,-1.#IND00 
9.150000,-1.#IND00,-1.#IND00 
9.160000,-1.#IND00,-1.#IND00 
9.170000,-1.#IND00,-1.#IND00 
9.180000,-1.#IND00,-1.#IND00 
9.190000,-1.#IND00,-1.#IND00 
9.200000,-1.#IND00,-1.#IND00 
9.210000,-1.#IND00,-1.#IND00 
9.220000,-1.#IND00,-1.#IND00 
9.230000,-1.#IND00,-1.#IND00 
9.240000,-1.#IND00,-1.#IND00 
9.250000,-1.#IND00,-1.#IND00 
9.260000,-1.#IND00,-1.#IND00 
9.270000,-1.#IND00,-1.#IND00 
9.280000,-1.#IND00,-1.#IND00 
9.290000,-1.#IND00,-1.#IND00 
9.300000,-1.#IND00,-1.#IND00 
9.310000,-1.#IND00,-1.#IND00 
9.320000,-1.#IND00,-1.#IND00 
9.330000,-1.#IND00,-1.#IND00 
9.340000,-1.#IND00,-1.#IND00 
9.350000,-1.#IND00,-1.#IND00 
9.360000,-1.#IND00,-1.#IND00 
9.370000,-1.#IND00,-1.#IND00 
9.380000,-1.#IND00,-1.#IND00 
9.390000,-1.#IND00,-1.#IND00 
9.400000,-1.#IND00,-1.#IND00 
9.410000,-1.#IND00,-1.#IND00 
9.420000,-1.#IND00,-1.#IND00 
9.430000,-1.#IND00,-1.#IND00 
9.440000,-1.#IND00,-1.#IND00 
9.450000,-1.#IND00,-1.#IND00 
9.460000,-1.#IND00,-1.#IND00 
9.470000,-1.#IND00,-1.#IND00 
9.480000,-1.#IND00,-1.#IND00 
9.490000,-1.#IND00,-1.#IND00 
9.500000,-1.#IND00,-1.#IND00 
9.510000,-1.#IND00,-1.#IND00 
9.520000,-1.#IND00,-1.#IND00 
9.530000,-1.#IND00,-1.#IND00 
9.540000,-1.#IND00,-1.#IND00 
9.550000,-1.#IND00,-1.#IND00 
9.560000,-1.#IND00,-1.#IND00 
9.570000,-1.#IND00,-1.#IND00 
9.580000,-1.#IND00,-1.#IND00 
9.590000,-1.#IND00,-1.#IND00 
9.600000,-1.#IND00,-1.#IND00 
9.610000,-1.#IND00,-1.#IND00 
9.620000,-1.#IND00,-1.#IND00 
9.630000,-1.#IND00,-1.#IND00 
9.640000,-1.#IND00,-1.#IND00 
9.650000,-1.#IND00,-1.#IND00 
9.660000,-1.#IND00,-1.#IND00 
9.670000,-1.#IND00,-1.#IND00 
9.680000,-1.#IND00,-1.#IND00 
9.690000,-1.#IND00,-1.#IND00 
9.700000,-1.#IND00,-1.#IND00 
9.710000,-1.#IND00,-1.#IND00 
9.720000,-1.#IND00,-1.#IND00 
9.730000,-1.#IND00,-1.#IND00 
9.740000,-1.#IND00,-1.#IND00 
9.750000,-1.#IND00,-1.#IND00 
9.760000,-1.#IND00,-1.#IND00 
9.770000,-1.#IND00,-1.#IND00 
9.780000,-1.#IND00,-1.#IND00 
9.790000,-1.#IND00,-1.#IND00 
9.800000,-1.#IND00,-1.#IND00 
9.810000,-1.#IND00,-1.#IND00 
9.820000,-1.#IND00,-1.#IND00 
9.830000,-1.#IND00,-1.#IND00 
9.840000,-1.#IND00,-1.#IND00 
9.850000,-1.#IND00,-1.#IND00 
9.860000,-1.#IND00,-1.#IND00 
9.870000,-1.#IND00,-1.#IND00 
9.880000,-1.#IND00,-1.#IND00 
9.890000,-1.#IND00,-1.#IND00 
9.900000,-1.#IND00,-1.#IND00 
9.910000,-1.#IND00,-1.#IND00 
9.920000,-1.#IND00,-1.#IND00 
9.930000,-1.#IND00,-1.#IND00 
9.940000,-1.#IND00,-1.#IND00 
9.950000,-1.#IND00,-1.#IND00 
9.960000,-1.#IND00,-1.#IND00 
9.970000,-1.#IND00,-1.#IND00 
9.980000,-1.#IND00,-1.#IND00 
9.990000,-1.#IND00,-1.#IND00 
10.000000,-1.#IND00,-1.#IND00 
